{"timestamp":{"total":1513989906,"exchanges":{"NEG":1513989287,"MBT":1513989792,"LOC":1513987993,"FOX":1513989835,"FLW":1513989893,"BTD":1513989854,"B2U":1513989810,"ARN":1513983766}},"ticker_24h":{"total":{"last":51400.151064436,"high":74802.77,"low":27647.99,"vol":6553.9043687956,"vwap":47769.736354472,"money":313078283.78979,"trades":77615},"exchanges":{"ARN":{"last":53000,"open":62449,"high":62449,"low":43000,"vol":2.4492,"vwap":50195.488745713,"money":122938.791036,"trades":65},"B2U":{"last":52000,"open":57436.06,"high":58999.99,"low":27647.99,"vol":515.30073755561,"vwap":45841.954034843,"money":23622392.725145,"trades":6196},"BTD":{"last":51900,"open":59998,"high":60000,"low":33007,"vol":483.53673599,"vwap":49402.267869769,"money":23887811.356252,"trades":9538},"FLW":{"last":55997,"open":58385,"high":59999,"low":35000,"vol":15.69272522,"vwap":47423.1014065,"money":744197.69945239,"trades":350},"FOX":{"last":50758.98,"open":56360.12,"high":56500,"low":33910,"vol":2888.769252,"vwap":46656.094324785,"money":134778690.70385,"trades":32853},"LOC":{"last":70000,"open":53400.49,"high":74802.77,"low":38086.5,"vol":5.55371479,"vwap":48974.273912179,"money":271989.14935558,"trades":120},"MBT":{"last":50500,"open":59000,"high":59250,"low":28971.11,"vol":1976.7459544,"vwap":48890.221564317,"money":96643547.686982,"trades":24172},"NEG":{"last":55600,"open":60435,"high":60587,"low":33000.01,"vol":665.85604884,"vwap":49570.34742752,"money":33006715.677714,"trades":4321}}},"ticker_12h":{"total":{"last":51487.743842276,"high":74802.77,"low":27647.99,"vol":4147.6264608635,"vwap":45978.255359387,"money":190700628.55293,"trades":49365},"exchanges":{"ARN":{"last":53000,"open":45500,"high":59000,"low":43000,"vol":1.9438,"vwap":48980.284081181,"money":95207.876197,"trades":40},"B2U":{"last":52000,"open":45515,"high":58999.99,"low":27647.99,"vol":373.03951540347,"vwap":43707.893091318,"money":16304771.258092,"trades":4475},"BTD":{"last":51900,"open":51500.01,"high":55000.1,"low":33007,"vol":367.95965643,"vwap":48126.444831059,"money":17708590.105234,"trades":7241},"FLW":{"last":55997,"open":50001,"high":58798,"low":35000,"vol":12.32112008,"vwap":46383.604707256,"money":571497.96334136,"trades":246},"FOX":{"last":50758.98,"open":45979.92,"high":53450.45,"low":33910,"vol":1931.85886664,"vwap":44773.839031976,"money":86496737.927434,"trades":20763},"LOC":{"last":70000,"open":61868.61,"high":74802.77,"low":38086.5,"vol":4.93345554,"vwap":48482.419090156,"money":239185.85905293,"trades":105},"MBT":{"last":50500,"open":47300,"high":53100,"low":28971.11,"vol":1019.23505949,"vwap":47071.451645439,"money":47976873.818119,"trades":13406},"NEG":{"last":55600,"open":49000.09,"high":58798,"low":33000.01,"vol":436.33498728,"vwap":48833.498038486,"money":21307763.745461,"trades":3089}}},"ticker_1h":{"total":{"last":50929.514154904,"high":70000,"low":47161.16,"vol":166.05595698332,"vwap":49847.848431662,"money":8277532.1748791,"trades":2332},"exchanges":{"B2U":{"last":52000,"open":51000,"high":53500,"low":48622.79,"vol":7.72470261332,"vwap":50932.704899095,"money":393439.99863749,"trades":360},"BTD":{"last":51900,"open":51985,"high":52000,"low":50000,"vol":10.91100498,"vwap":50936.011089754,"money":555763.07066164,"trades":197},"FLW":{"last":55997,"open":55997,"high":55997,"low":55997,"vol":0.00071751,"vwap":55997,"money":40.17840747,"trades":1},"FOX":{"last":50758.98,"open":48500,"high":52000,"low":47161.16,"vol":75.03934245,"vwap":49460.040788025,"money":3711448.9382836,"trades":915},"LOC":{"last":70000,"open":70000,"high":70000,"low":70000,"vol":0.002,"vwap":70000,"money":140,"trades":1},"MBT":{"last":50500,"open":49001,"high":50999,"low":48102.02,"vol":68.05226507,"vwap":49622.249156617,"money":3376906.4529757,"trades":771},"NEG":{"last":55600,"open":55900,"high":57101,"low":54690,"vol":4.32592436,"vwap":55431.744976969,"money":239793.53591318,"trades":87}}},"rates":{"USDCBRL":3.3345,"USDTBRL":3.47}}