{"timestamp":{"total":1514001079,"exchanges":{"NEG":1514000832,"MBT":1514001056,"LOC":1513995016,"FOX":1514000963,"FLW":1513998776,"BTD":1514000895,"B2U":1514000538,"ARN":1513983766}},"ticker_24h":{"total":{"last":52191.777725809,"high":74802.77,"low":27647.99,"vol":6066.6108498031,"vwap":47274.088327984,"money":286793497.1651,"trades":71826},"exchanges":{"ARN":{"last":53000,"open":57000,"high":59000,"low":43000,"vol":2.3904,"vwap":49982.06209672,"money":119477.121236,"trades":61},"B2U":{"last":53398.99,"open":51012.9,"high":58999.99,"low":27647.99,"vol":478.56934828312,"vwap":45200.949487917,"money":21631788.93821,"trades":5820},"BTD":{"last":52980,"open":54098.99,"high":56998.99,"low":33007,"vol":455.53637401,"vwap":48909.737663898,"money":22280164.549193,"trades":8962},"FLW":{"last":54800,"open":55400,"high":58798,"low":35000,"vol":14.87747222,"vwap":47132.591956469,"money":701213.82748896,"trades":331},"FOX":{"last":52000,"open":50275.95,"high":54443,"low":33910,"vol":2665.90937992,"vwap":46075.742690117,"money":122833754.62436,"trades":30100},"LOC":{"last":70072.79,"open":48223.2,"high":74802.77,"low":38086.5,"vol":5.76027282,"vwap":49375.808777872,"money":284418.12926869,"trades":124},"MBT":{"last":50999,"open":50055.01,"high":56550,"low":28971.11,"vol":1806.03954719,"vwap":48456.941112455,"money":87515151.98495,"trades":22287},"NEG":{"last":54650,"open":53000,"high":59399.87,"low":33000.01,"vol":637.52805536,"vwap":49295.913687502,"money":31427527.990387,"trades":4141}}},"ticker_12h":{"total":{"last":52210.153430907,"high":74802.77,"low":39245.83,"vol":2561.2461702812,"vwap":50449.905595421,"money":129214627.49732,"trades":32933},"exchanges":{"ARN":{"last":53000,"open":48000,"high":59000,"low":48000,"vol":1.0795,"vwap":52943.951629458,"money":57152.995784,"trades":23},"B2U":{"last":53398.99,"open":49602.1,"high":58999.99,"low":48000,"vol":134.38719063121,"vwap":52863.08151188,"money":7104121.01249,"trades":2407},"BTD":{"last":52980,"open":51000,"high":55000.1,"low":46000,"vol":221.36106207,"vwap":51435.13399345,"money":11385735.888503,"trades":3942},"FLW":{"last":54800,"open":49999,"high":58798,"low":47001,"vol":4.31764562,"vwap":52581.67685325,"money":227029.04675769,"trades":173},"FOX":{"last":52000,"open":46808.06,"high":53450.45,"low":44510,"vol":1121.73049208,"vwap":49707.847084775,"money":55758807.770642,"trades":13067},"LOC":{"last":70072.79,"open":44875.11,"high":74802.77,"low":39245.83,"vol":3.82031283,"vwap":49170.7870801,"money":187847.7887433,"trades":77},"MBT":{"last":50999,"open":44200,"high":53100,"low":40001,"vol":780.54835410999,"vwap":49982.211443464,"money":39013532.876974,"trades":11245},"NEG":{"last":54650,"open":53990,"high":57970,"low":46111,"vol":294.00161294,"vwap":52654.133297516,"money":15480400.117427,"trades":1999}}},"ticker_1h":{"total":{"last":51675.462250648,"high":54800,"low":50001,"vol":48.794059031715,"vwap":51228.510027812,"money":2499646.9424039,"trades":654},"exchanges":{"B2U":{"last":53398.99,"open":52499.99,"high":53439.79,"low":51500,"vol":0.95655370171523,"vwap":52156.657688705,"money":49890.643981224,"trades":86},"BTD":{"last":52980,"open":52299.99,"high":52995.31,"low":51950,"vol":2.4062868,"vwap":52557.593116404,"money":126468.64255577,"trades":43},"FLW":{"last":54800,"open":54800,"high":54800,"low":54800,"vol":0.00084303,"vwap":54800,"money":46.198044,"trades":1},"FOX":{"last":52000,"open":51050,"high":52000,"low":50500,"vol":20.19812143,"vwap":51295.872846995,"money":1036080.2686214,"trades":264},"MBT":{"last":50999,"open":50809.99,"high":50999,"low":50001,"vol":23.80736343,"vwap":50805.767778403,"money":1209551.3778406,"trades":246},"NEG":{"last":54650,"open":54509,"high":54650,"low":53501,"vol":1.42489064,"vwap":54467.205539918,"money":77609.811360785,"trades":14}}},"rates":{"USDCBRL":3.3345,"USDTBRL":3.47}}